{
  "checkpoint": "/home/user/Domain-Validity-Gated-MR-for-SciML/research_assets/runs/multicheckpoint/S3/checkpoint.pt",
  "checkpoint_sha256": "85eafaf1240b19342d701fa80357ef82c5695e12f21846f6e7e0397af62da96e",
  "config": {
    "hidden": 64,
    "num_layers": 4,
    "node_in": 11,
    "edge_in": 3,
    "out_dim": 2,
    "seed": 3,
    "steps": 1500,
    "train_steps_max": 149,
    "lr": 0.001
  },
  "loss_first": 1.5132654905319214,
  "loss_last": 0.019463828532025218,
  "num_parameters": 176386
}