{
  "split": "test",
  "t_eval": 0,
  "onestep_rmse": 0.011453213170170784,
  "persistence_rmse": 0.01507564540952444,
  "skill_vs_persistence": 1.3162808711871414,
  "mean_speed": 1.1624997854232788,
  "relative_rmse": 0.009852228201487834
}