{
  "sut_id": "pinn_burgers2d_s3",
  "pde": "burgers2d",
  "seed": 3,
  "checkpoint_sha256": "7abd3281ab9d96570e93b32608cdae48df2ae8c62b4aa122d94b74f1b025763f",
  "final_pde_residual_l2": 0.030782016422985767,
  "num_parameters": 10502,
  "train_iters": 2000,
  "batch_size": 512,
  "elapsed_s": 29.766386032104492
}