{
  "sut_id": "pinn_burgers2d_s7",
  "pde": "burgers2d",
  "seed": 7,
  "checkpoint_sha256": "89b29ebdc2f6522f4399829772a3ccdc2d0614a555e9bcfbce84f84fe90caf75",
  "final_pde_residual_l2": 0.04242920248491567,
  "num_parameters": 10502,
  "train_iters": 2000,
  "batch_size": 512,
  "elapsed_s": 35.77647924423218
}