{
  "sut_id": "pinn_burgers2d_s1",
  "pde": "burgers2d",
  "seed": 1,
  "checkpoint_sha256": "b85f0d6becbaa11a467c97577de1744e45aa9e20b2af65e97808394c4d7ac888",
  "final_pde_residual_l2": 0.03764539480797265,
  "num_parameters": 10502,
  "elapsed_s": 60.44677662849426,
  "train_iters": 2000,
  "batch_size": 512
}