{
  "checkpoint": "/home/user/Domain-Validity-Gated-MR-for-SciML/research_assets/runs/multicheckpoint/S1/checkpoint.pt",
  "checkpoint_sha256": "dd69cbcce7a1474322ee03ac339093d8a75a537f41581f99988c8776a4b1b339",
  "config": {
    "hidden": 64,
    "num_layers": 4,
    "node_in": 11,
    "edge_in": 3,
    "out_dim": 2,
    "seed": 1,
    "steps": 1500,
    "train_steps_max": 149,
    "lr": 0.001
  },
  "loss_first": 1.1952629089355469,
  "loss_last": 0.02121604010462761,
  "num_parameters": 176386
}