{
  "split": "test",
  "t_eval": 0,
  "onestep_rmse": 0.011816797778010368,
  "persistence_rmse": 0.01507564540952444,
  "skill_vs_persistence": 1.2757809427506996,
  "mean_speed": 1.1624997854232788,
  "relative_rmse": 0.010164989212198215
}