{
  "axis": 0.20499999821186066,
  "num_nodes": 1868,
  "max_nn_dist": 0.05768662691116333,
  "mean_nn_dist": 0.004588449942702556,
  "median_edge_length": 0.01885075841053195,
  "max_nn_over_edge": 3.060175386839275,
  "bijection": false,
  "type_match_rate": 0.9635974304068522,
  "cylinder": {
    "center": [
      0.4537259687980016,
      0.23384330856303373
    ],
    "mean_radius": 0.059731876399421104,
    "offset_from_axis": 0.028843310351173074,
    "interior_wall_nodes": 24
  },
  "precondition_decision": "out-of-relation-domain",
  "rubric_downgrade": "retained-ood-stress",
  "ratio_threshold": 2.0,
  "axis_source": "channel centerline (geometric mid of y-extent)"
}
